{
    "Type": "UEFN_Character",
    "Name": "Special Forces Banshee",
    "LobbyName": "Special Forces Banshee",
    "Description": "\"Husks? I hate husks!\" - Banshee",
    "Icon": "https://static.wikia.nocookie.net/fortnite_gamepedia/images/d/d8/Special_forces_rare_portrait.png/revision/latest?cb=20170730165410",
    "Message": "No Bypass Required, Enjoy!",
    "Socials": [
        {
            "type": "discord",
            "header": "Official Swapping Connect v3 Discord!",
            "url": "https://discord.gg/d3d8xeB7qU"
        }
    ],
    "HeroDefinition": {
        "Object": "FortniteGame\/Plugins\/GameFeatures\/BRCosmetics\/Content\/Athena\/Heroes\/HID_822_Athena_Commando_F_Angler",
        "Swaps": [
            {
                "type": "string",
                "search": "\/BRCosmetics\/Animation\/Game\/MainPlayer\/Menu\/BR\/Female_Commando_Idle_01_M.Female_Commando_Idle_01_M",
                "replace": "/Game/Animation/Game/MainPlayer/Menu/Female/Medium/Commando/Commando_Female_Body_Montage_Idle.Commando_Female_Body_Montage_Idle"
            },
            {
                "type": "string",
                "search": "\/BRCosmetics\/UI\/Foundation\/Textures\/Icons\/Heroes\/Athena\/Soldier\/T-Soldier-HID-822-Athena-Commando-F-Angler.T-Soldier-HID-822-Athena-Commando-F-Angler",
                "replace": "/Game/UI/Foundation/Textures/Icons/Heroes/Soldier/Portrait/T-Soldier-HID-Commando-008-R-T01.T-Soldier-HID-Commando-008-R-T01"
            },
            {
                "type": "string",
                "search": "\/BRCosmetics\/UI\/Foundation\/Textures\/Icons\/Heroes\/Athena\/Soldier\/T-Soldier-HID-822-Athena-Commando-F-Angler-L.T-Soldier-HID-822-Athena-Commando-F-Angler-L",
                "replace": "/Game/UI/Foundation/Textures/Icons/Heroes/Soldier/Portrait/T-Soldier-HID-Commando-008-R-T01-L.T-Soldier-HID-Commando-008-R-T01-L"
            }
        ]
    },
    "AssetPathTo": "FortniteGame/Content/Athena/Heroes/Meshes/Bodies/CP_Athena_Body_F_ImpulseSpring_C_custom.uasset",
    "Swaps": [
        {
            "type": "string",
            "search": "/Game/Characters/Player/Female/Medium/Bodies/F_MED_Impulse_Spring/Meshes/F_MED_Impulse_Spring.F_MED_Impulse_Spring",
            "replace": "/Characters/BlackReconExpert/Meshes/BlackReconExpert.BlackReconExpert",
            "UEFN": true
        },
        {
            "type": "string",
            "search": "/Game/Characters/Player/Female/Medium/Bodies/F_MED_Impulse_Spring/Meshes/F_MED_Impulse_Spring_AnimBP.F_MED_Impulse_Spring_AnimBP_C",
            "replace": "/Game/Characters/Player/Female/Medium/Bodies/F_Med_Soldier_01/Meshes/F_Med_Soldier_01_Skeleton_AnimBP.F_Med_Soldier_01_Skeleton_AnimBP_C"
        },
        {
            "type": "string",
            "search": "/Game/Characters/Player/Male/Medium/Base/SK_M_MALE_Base_Skeleton.SK_M_MALE_Base_Skeleton",
            "replace": "/Game/Characters/Player/Female/Medium/Base/SK_M_Female_Base_Skeleton.SK_M_Female_Base_Skeleton"
        }
    ],
    "MaterialOverridesArray": {
        "Search": "01 00 00 00 80 05",
        "Materials": [
            {
                "OverrideMaterial": "/Game/Characters/Player/Female/Medium/Bodies/F_Med_Soldier_01/Skins/TV_12/Materials/F_MED_Commando_Body_TV12.F_MED_Commando_Body_TV12",
                "MaterialOverrideIndex": 0
            },
            {
                "OverrideMaterial": "/Game/Characters/Player/Female/Medium/Heads/F_MED_BLK_Red_Head_01/Materials/F_MED_BLK_Red_Head_01.F_MED_BLK_Red_Head_01",
                "MaterialOverrideIndex": 1
            },
            {
                "OverrideMaterial": "/Game/Characters/Player/Female/Medium/Heads/F_MED_BLK_Red_Head_01/Materials/F_MED_BLK_Red_Hair_01.F_MED_BLK_Red_Hair_01",
                "MaterialOverrideIndex": 2
            },
            {
                "OverrideMaterial": "/Game/Accessories/Hats/Materials/Female_Commando_06_V02.Female_Commando_06_V02",
                "MaterialOverrideIndex": 3
            }
        ],
        "MaterialOverrideFlags": {
            "Search": "01 00 00 00",
            "Index": 31
        }
    },
    "TextureParametersArray": {
        "Search": "01 00 00 00 80 07",
        "Textures": [
        ]
    },
    "Downloadables": [
        {
            "zip": "http://custom.wslt.xyz/uefn.zip"
        }
    ]
}